Index,Shortcode,Instagram URL,Title / Hook,Media Image Path,Media Video Path,Full Exact Description
1,C8lyJ6VSyTy,https://www.instagram.com/p/C8lyJ6VSyTy/,Direct-Response eCommerce Growth Breakdown & Scaling Case Study — C8lyJ6VSyTy,/downloaded_instagram_posts/C8lyJ6VSyTy.jpg,N/A,Direct-Response eCommerce Growth Breakdown & Scaling Case Study — C8lyJ6VSyTy
2,DZ3yXdciv63,https://www.instagram.com/p/DZ3yXdciv63/,Direct-Response eCommerce Growth Breakdown & Scaling Case Study — DZ3yXdciv63,/downloaded_instagram_posts/DZ3yXdciv63.jpg,N/A,Direct-Response eCommerce Growth Breakdown & Scaling Case Study — DZ3yXdciv63
3,DZXZSkyAU7x,https://www.instagram.com/p/DZXZSkyAU7x/?img_index=1,Ecom brands or lead gen businesses… what do you need?,/downloaded_instagram_posts/DZXZSkyAU7x.jpg,N/A,"Ecom brands or lead gen businesses… what do you need?

More sales or more leads?

Over the last 12 years, I've helped scale businesses to 7 & 8 figures in both ecom and lead gen with a massive track record.

Not just that I built two communities around it. Because real results deserve a real room.

No guru talk. No recycled advice. Just proven strategies that actually move the needle.

If you're serious about scaling and done leaving money on the table.

Let's talk."
4,DZXMWaeEgLe,https://www.instagram.com/p/DZXMWaeEgLe/,Direct-Response eCommerce Growth Breakdown & Scaling Case Study — DZXMWaeEgLe,/downloaded_instagram_posts/DZXMWaeEgLe.jpg,N/A,Direct-Response eCommerce Growth Breakdown & Scaling Case Study — DZXMWaeEgLe
5,DZS8JtQEqJy,https://www.instagram.com/p/DZS8JtQEqJy/,Direct-Response eCommerce Growth Breakdown & Scaling Case Study — DZS8JtQEqJy,/downloaded_instagram_posts/DZS8JtQEqJy.jpg,N/A,Direct-Response eCommerce Growth Breakdown & Scaling Case Study — DZS8JtQEqJy
6,DZS7YPDkva9,https://www.instagram.com/p/DZS7YPDkva9/,Direct-Response eCommerce Growth Breakdown & Scaling Case Study — DZS7YPDkva9,/downloaded_instagram_posts/DZS7YPDkva9.jpg,N/A,Direct-Response eCommerce Growth Breakdown & Scaling Case Study — DZS7YPDkva9
7,DZS6d1XEgl1,https://www.instagram.com/p/DZS6d1XEgl1/,Direct-Response eCommerce Growth Breakdown & Scaling Case Study — DZS6d1XEgl1,/downloaded_instagram_posts/DZS6d1XEgl1.jpg,N/A,Direct-Response eCommerce Growth Breakdown & Scaling Case Study — DZS6d1XEgl1
8,DW1JuKLlAgI,https://www.instagram.com/p/DW1JuKLlAgI/,Direct-Response eCommerce Growth Breakdown & Scaling Case Study — DW1JuKLlAgI,/downloaded_instagram_posts/DW1JuKLlAgI.jpg,N/A,Direct-Response eCommerce Growth Breakdown & Scaling Case Study — DW1JuKLlAgI
9,DMLC9R1Bn-m,https://www.instagram.com/p/DMLC9R1Bn-m/,Direct-Response eCommerce Growth Breakdown & Scaling Case Study — DMLC9R1Bn-m,/downloaded_instagram_posts/DMLC9R1Bn-m.jpg,N/A,Direct-Response eCommerce Growth Breakdown & Scaling Case Study — DMLC9R1Bn-m
10,DWX7z6ADP86,https://www.instagram.com/p/DWX7z6ADP86/,Direct-Response eCommerce Growth Breakdown & Scaling Case Study — DWX7z6ADP86,/downloaded_instagram_posts/DWX7z6ADP86.jpg,N/A,Direct-Response eCommerce Growth Breakdown & Scaling Case Study — DWX7z6ADP86
11,DIpxfULBj7r,https://www.instagram.com/p/DIpxfULBj7r/,Direct-Response eCommerce Growth Breakdown & Scaling Case Study — DIpxfULBj7r,/downloaded_instagram_posts/DIpxfULBj7r.jpg,N/A,Direct-Response eCommerce Growth Breakdown & Scaling Case Study — DIpxfULBj7r
12,DH_aKQ6BttH,https://www.instagram.com/p/DH_aKQ6BttH/,Direct-Response eCommerce Growth Breakdown & Scaling Case Study — DH_aKQ6BttH,/downloaded_instagram_posts/DH_aKQ6BttH.jpg,N/A,Direct-Response eCommerce Growth Breakdown & Scaling Case Study — DH_aKQ6BttH
13,DGgZKPbSjNa,https://www.instagram.com/p/DGgZKPbSjNa/,"💡 Dropshipping Isn’t a Get-Rich-Quick Scheme, It’s a Path to Building Something Big. 💡",/downloaded_instagram_posts/DGgZKPbSjNa.jpg,/downloaded_instagram_posts/DGgZKPbSjNa.mp4,"💡 Dropshipping Isn’t a Get-Rich-Quick Scheme, It’s a Path to Building Something Big. 💡

Two years ago, we started this brand for one of our DFY client as a simple dropshipping store. No fancy funding. No big team. Just a vision and a relentless drive to make it work.

Today, it’s no longer just a store, it’s a real 7-figure DTC brand. 🚀

This month alone:

💰 Revenue: $491,798
📈 Profit Margin: 34%

But here’s the real story…

On day one, this client told me, “It’s not worth it.” He doubted if this path would work. But I believed in what we could achieve and more importantly, I knew the numbers wouldn’t lie.

Fast forward to today, and our conversation has finally come full circle. We fulfilled every commitment we made.

The biggest lesson? Dropshipping is NOT the end goal, it’s just the beginning.

It’s a launchpad. A way to test products, understand the market, and generate cash flow. But if you stop there, you’ll always be chasing the next winning product instead of building a business that pays you for years.

✅ Build a brand, not just a store.
✅ Focus on customer experience, not just quick sales.
✅ Play the long game, because that’s where the real money is.

So ask yourself, are you playing for quick cash, or are you building something that will still be here in 5 years?

If you’re serious about making that transition, drop a 🚀 in the comments! Let’s build."
14,DGgGd29ykn7,https://www.instagram.com/p/DGgGd29ykn7/,Direct-Response eCommerce Growth Breakdown & Scaling Case Study — DGgGd29ykn7,/downloaded_instagram_posts/DGgGd29ykn7.jpg,N/A,Direct-Response eCommerce Growth Breakdown & Scaling Case Study — DGgGd29ykn7
15,DGZwsH3z7-D,https://www.instagram.com/p/DGZwsH3z7-D/,Direct-Response eCommerce Growth Breakdown & Scaling Case Study — DGZwsH3z7-D,/downloaded_instagram_posts/DGZwsH3z7-D.jpg,N/A,Direct-Response eCommerce Growth Breakdown & Scaling Case Study — DGZwsH3z7-D
16,DGgDlA1ybHG,https://www.instagram.com/p/DGgDlA1ybHG/,"I started this dropshipping brand for a client 4weeks ago, this was just an idea.",/downloaded_instagram_posts/DGgDlA1ybHG.jpg,/downloaded_instagram_posts/DGgDlA1ybHG.mp4,"I started this dropshipping brand for a client 4weeks ago, this was just an idea. 

Today, it’s doing over $1.5K/day! 🚀 

Small win? Maybe. But every 6-figure brand I’ve built started right here.

If you’ve been collectively watching my results over the last 9 years for now, you already know, this is what we do. 

We don’t guess, we build. We don’t chase luck, we follow a proven system.

The real question isn’t if this works, it’s why you’re still watching instead of building.

Curious… what’s really stopping you from scaling your own brand? Let’s talk.👇"
17,DGS904ohBGl,https://www.instagram.com/p/DGS904ohBGl/,Direct-Response eCommerce Growth Breakdown & Scaling Case Study — DGS904ohBGl,/downloaded_instagram_posts/DGS904ohBGl.jpg,N/A,Direct-Response eCommerce Growth Breakdown & Scaling Case Study — DGS904ohBGl
18,DGSpTQEBodh,https://www.instagram.com/p/DGSpTQEBodh/,Direct-Response eCommerce Growth Breakdown & Scaling Case Study — DGSpTQEBodh,/downloaded_instagram_posts/DGSpTQEBodh.jpg,N/A,Direct-Response eCommerce Growth Breakdown & Scaling Case Study — DGSpTQEBodh
19,DGSmcZRBic3,https://www.instagram.com/p/DGSmcZRBic3/,Direct-Response eCommerce Growth Breakdown & Scaling Case Study — DGSmcZRBic3,/downloaded_instagram_posts/DGSmcZRBic3.jpg,N/A,Direct-Response eCommerce Growth Breakdown & Scaling Case Study — DGSmcZRBic3
20,DExlLMQS3cs,https://www.instagram.com/p/DExlLMQS3cs/,⚠️ The Truth Hurts: Dropshipping isn’t dead – YOU are doing it wrong!,/downloaded_instagram_posts/DExlLMQS3cs.jpg,/downloaded_instagram_posts/DExlLMQS3cs.mp4,"⚠️ The Truth Hurts: Dropshipping isn’t dead – YOU are doing it wrong!

🔥 Let me guess...
You’re thinking:
❌ “Dropshipping is dead in 2025.”
❌ “Facebook ads don’t work anymore.”
❌ “It’s impossible to stay profitable!”

Here’s the hard truth: It’s NOT the business model or the platform that’s failing – it’s the strategy you’re using.

👉 In 2025, the rules have changed, and only those who adapt are winning.
🚀 They’re finding winning products faster than ever.
🚀 They’re scaling with profitable Facebook ad strategies that WORK.
🚀 They’re achieving consistent results without burning cash.

The good news? I’ve created a detailed guide that reveals:
✅ How to find winning products in 2025
✅ The exact Facebook ad system that drives results
✅ A step-by-step roadmap to scale profitably

💬 Drop a “Dropshipping” in the comments, and I’ll send the guide directly to you.

It’s time to stop blaming the game and start playing it right. The question is – are you ready to win?

#dropshipping #facebookads #scaling #strategies #winningproducts"
21,DExsvYaI5Kc,https://www.instagram.com/p/DExsvYaI5Kc/,Most people running Facebook Ads have no idea their biggest enemy is audience overlap.,/downloaded_instagram_posts/DExsvYaI5Kc.jpg,/downloaded_instagram_posts/DExsvYaI5Kc.mp4,"Most people running Facebook Ads have no idea their biggest enemy is audience overlap.

If your ads are competing against each other, it’s not Facebook’s fault – it’s your targeting.

❌ Stacking similar interests?
❌ Running multiple ad sets for the same niche?
❌ Overloading your campaigns with retargeting?

You’re creating audience overlap.

What does that mean? Your ads are fighting for the same eyeballs in the auction, driving up costs and killing your ROAS.

Don’t believe me?

1️⃣ Go to Ads Manager.
2️⃣ Select two or more of your saved audiences.
3️⃣ Click “Show Audience Overlap.”

You’ll see how much overlap exists between your audiences – sometimes up to 100%! That’s why your ads feel inconsistent no matter how many you launch.

Want to know how to fix this and scale without wasting a single dollar? 

💬 Drop “Overlap” in the comments, and I’ll send you my step-by-step guide to eliminate overlap and unlock stable, profitable ad performance.

Let’s fix this together. 🚀

#audinceoverlap #facebookads #shopify #dropshipping"
22,DFDod10oz-k,https://www.instagram.com/p/DFDod10oz-k/,99% of Meta Advertisers Are Burning Money—Here’s the Fix👇,/downloaded_instagram_posts/DFDod10oz-k.jpg,/downloaded_instagram_posts/DFDod10oz-k.mp4,"99% of Meta Advertisers Are Burning Money—Here’s the Fix👇

Scaling Meta ads isn’t about increasing budgets blindly. The real problem? Most advertisers don’t have a proven scaling system.

🔥We scaled a supplement brand to $71,788 in ONE day—spending $17,548 profitably with a 4.09 ROAS—using a simple, repeatable strategy.

Want the exact SOP we’ve used to crush it for 9+ years?

Drop “SUPPLEMENT” below, and I’ll send it to your DM—for FREE.

Let me show you the scaling secret 99% of people don’t even know exists. 💡👇

#shopify #facebookads #ecommerce #scaling #supplement"
23,DEW9sESBL38,https://www.instagram.com/p/DEW9sESBL38/,Direct-Response eCommerce Growth Breakdown & Scaling Case Study — DEW9sESBL38,/downloaded_instagram_posts/DEW9sESBL38.jpg,N/A,Direct-Response eCommerce Growth Breakdown & Scaling Case Study — DEW9sESBL38
24,DEW_V11BhkT,https://www.instagram.com/p/DEW_V11BhkT/,Direct-Response eCommerce Growth Breakdown & Scaling Case Study — DEW_V11BhkT,/downloaded_instagram_posts/DEW_V11BhkT.jpg,N/A,Direct-Response eCommerce Growth Breakdown & Scaling Case Study — DEW_V11BhkT
25,DD6Q21fh3oi,https://www.instagram.com/p/DD6Q21fh3oi/,Direct-Response eCommerce Growth Breakdown & Scaling Case Study — DD6Q21fh3oi,/downloaded_instagram_posts/DD6Q21fh3oi.jpg,N/A,Direct-Response eCommerce Growth Breakdown & Scaling Case Study — DD6Q21fh3oi
26,DD9QNibynah,https://www.instagram.com/p/DD9QNibynah/,Direct-Response eCommerce Growth Breakdown & Scaling Case Study — DD9QNibynah,/downloaded_instagram_posts/DD9QNibynah.jpg,N/A,Direct-Response eCommerce Growth Breakdown & Scaling Case Study — DD9QNibynah
27,DDpjtXUo-ZA,https://www.instagram.com/p/DDpjtXUo-ZA/,"What if I told you $14,669 could turn into $62,889 in just 3 days?💰💰",/downloaded_instagram_posts/DDpjtXUo-ZA.jpg,/downloaded_instagram_posts/DDpjtXUo-ZA.mp4,"What if I told you $14,669 could turn into $62,889 in just 3 days?💰💰

Sounds impossible? It’s not—it’s a proven system. In the last 3 days, we used this exact strategy to generate these numbers for a dropshipping brand.

🔥 And here’s the kicker: this is just the beginning. I always overdeliver, and stories like this happen in our community every single day.

If you’re not part of our Brand Scaling Hacks Community yet, you’re leaving growth on the table.

I’ve broken down the entire process—from product selection to audience targeting, testing, and scaling. 

DM me “SCALE” and I’ll share the full strategy with you.

#facebookads #shopify #dropshipping #scaling #ecommerce #q4 #christmas"
28,DDrymP4oSh7,https://www.instagram.com/p/DDrymP4oSh7/,"📈 When you understand the numbers, you don’t just guess—you grow.",/downloaded_instagram_posts/DDrymP4oSh7.jpg,/downloaded_instagram_posts/DDrymP4oSh7.mp4,"📈 When you understand the numbers, you don’t just guess—you grow.

🤑 Today, we’ve already hit $34,506 in sales in Single Day with a 5.49 ROAS for this Women clothing brand, and we’re on track to close the day at $40KDay. 

📈 Play the game right, and the results will follow.

#numbersgame #facebookads #mediabuying #womenclothing #brand #tuesdaygrind"
29,DDyWOAiIEIL,https://www.instagram.com/p/DDyWOAiIEIL/,Direct-Response eCommerce Growth Breakdown & Scaling Case Study — DDyWOAiIEIL,/downloaded_instagram_posts/DDyWOAiIEIL.jpg,N/A,Direct-Response eCommerce Growth Breakdown & Scaling Case Study — DDyWOAiIEIL
30,DDSbgXjB5Ll,https://www.instagram.com/p/DDSbgXjB5Ll/,Direct-Response eCommerce Growth Breakdown & Scaling Case Study — DDSbgXjB5Ll,/downloaded_instagram_posts/DDSbgXjB5Ll.jpg,N/A,Direct-Response eCommerce Growth Breakdown & Scaling Case Study — DDSbgXjB5Ll
31,DDTcV4-hyrQ,https://www.instagram.com/p/DDTcV4-hyrQ/,Direct-Response eCommerce Growth Breakdown & Scaling Case Study — DDTcV4-hyrQ,/downloaded_instagram_posts/DDTcV4-hyrQ.jpg,N/A,Direct-Response eCommerce Growth Breakdown & Scaling Case Study — DDTcV4-hyrQ
32,DDbZt7PB-0o,https://www.instagram.com/p/DDbZt7PB-0o/,Direct-Response eCommerce Growth Breakdown & Scaling Case Study — DDbZt7PB-0o,/downloaded_instagram_posts/DDbZt7PB-0o.jpg,N/A,Direct-Response eCommerce Growth Breakdown & Scaling Case Study — DDbZt7PB-0o
33,DDL5Tr5hb-g,https://www.instagram.com/p/DDL5Tr5hb-g/,Direct-Response eCommerce Growth Breakdown & Scaling Case Study — DDL5Tr5hb-g,/downloaded_instagram_posts/DDL5Tr5hb-g.jpg,N/A,Direct-Response eCommerce Growth Breakdown & Scaling Case Study — DDL5Tr5hb-g
34,DDSbZ6EzERe,https://www.instagram.com/p/DDSbZ6EzERe/,Direct-Response eCommerce Growth Breakdown & Scaling Case Study — DDSbZ6EzERe,/downloaded_instagram_posts/DDSbZ6EzERe.jpg,N/A,Direct-Response eCommerce Growth Breakdown & Scaling Case Study — DDSbZ6EzERe
35,DC_4HWphVxX,https://www.instagram.com/p/DC_4HWphVxX/,Direct-Response eCommerce Growth Breakdown & Scaling Case Study — DC_4HWphVxX,/downloaded_instagram_posts/DC_4HWphVxX.jpg,N/A,Direct-Response eCommerce Growth Breakdown & Scaling Case Study — DC_4HWphVxX
36,DCpIoi0hNhx,https://www.instagram.com/p/DCpIoi0hNhx/,Direct-Response eCommerce Growth Breakdown & Scaling Case Study — DCpIoi0hNhx,/downloaded_instagram_posts/DCpIoi0hNhx.jpg,N/A,Direct-Response eCommerce Growth Breakdown & Scaling Case Study — DCpIoi0hNhx
37,DAFyXWUSMoE,https://www.instagram.com/p/DAFyXWUSMoE/,Direct-Response eCommerce Growth Breakdown & Scaling Case Study — DAFyXWUSMoE,/downloaded_instagram_posts/DAFyXWUSMoE.jpg,N/A,Direct-Response eCommerce Growth Breakdown & Scaling Case Study — DAFyXWUSMoE
38,DAF3pGboMCD,https://www.instagram.com/p/DAF3pGboMCD/,Direct-Response eCommerce Growth Breakdown & Scaling Case Study — DAF3pGboMCD,/downloaded_instagram_posts/DAF3pGboMCD.jpg,N/A,Direct-Response eCommerce Growth Breakdown & Scaling Case Study — DAF3pGboMCD
39,C_MqSqcSpUb,https://www.instagram.com/p/C_MqSqcSpUb/,Direct-Response eCommerce Growth Breakdown & Scaling Case Study — C_MqSqcSpUb,/downloaded_instagram_posts/C_MqSqcSpUb.jpg,N/A,Direct-Response eCommerce Growth Breakdown & Scaling Case Study — C_MqSqcSpUb
40,C-ntp_DiV17,https://www.instagram.com/p/C-ntp_DiV17/,Direct-Response eCommerce Growth Breakdown & Scaling Case Study — C-ntp_DiV17,/downloaded_instagram_posts/C-ntp_DiV17.jpg,N/A,Direct-Response eCommerce Growth Breakdown & Scaling Case Study — C-ntp_DiV17
41,C-4VFNmBfUA,https://www.instagram.com/p/C-4VFNmBfUA/,Direct-Response eCommerce Growth Breakdown & Scaling Case Study — C-4VFNmBfUA,/downloaded_instagram_posts/C-4VFNmBfUA.jpg,N/A,Direct-Response eCommerce Growth Breakdown & Scaling Case Study — C-4VFNmBfUA
42,C9-tNU2yhWF,https://www.instagram.com/p/C9-tNU2yhWF/,"Finally, This is How Our Monday Starts👉Scaling This Puppy to the Moon >>>> It’s just a matter of one hour & we have a...",/downloaded_instagram_posts/C9-tNU2yhWF.jpg,/downloaded_instagram_posts/C9-tNU2yhWF.mp4,"Finally, This is How Our Monday Starts👉Scaling This Puppy to the Moon >>>> It’s just a matter of one hour & we have already crossed $1.2K with this brand...🔥🔥

This is why we do what we do here at Brand Scaling Hacks.

👉 There is a reason why our clients continually rave about the experience here with us.

👉 There is a reason why we have been doing this for years and years.

👉 There’s a reason why our clients continually stay in our program month after month.

👉 There is a reason that you see CONTINUALLY DAILY SUCCESS posts here, each day, talking about the success, achievement, and amazing experiences a client has encountered while working with us.

👉 There is a reason that I have attempted to create one of the greatest, legitimate mentorship solutions for e-commerce marketers & all digital marketers alike...

It’s because we ACTUALLY care about you, & your business, and our work ethic toward the bettering of our clients shows it.

 ❤️ It’s a blessing to have created such an incredible, passionate, & successful community - we will continually better ourselves and our people, and that’s a PROMISE.

Remember, it’s not that dropshipping doesn’t work—it’s that running ads successfully requires careful strategy, ongoing optimization, and a deep understanding of your market.

If you have not joined our group exclusively for Dropshipping and E-Commerce, you miss the gold!

It’s FREE to Join for now!

Want in?

NO B.S. = 100% Value

Link is In the Bio⬆️

P.S. *** If you own a store under $1k/day or want to start a store and grow it to 1k/day in revenue, write “SCALING” and I’ll send you the info for our DFY & DWY Programs!!

#ecommerce #shopify #dropshipping"
43,C-FI5E4SYBZ,https://www.instagram.com/p/C-FI5E4SYBZ/,"🏆 ANYONE can do it... Yes, Even You can do dropshipping Successfully!!!",/downloaded_instagram_posts/C-FI5E4SYBZ.jpg,/downloaded_instagram_posts/C-FI5E4SYBZ.mp4,"🏆 ANYONE can do it... Yes, Even You can do dropshipping Successfully!!!

Not EVERYONE is persistent, ambitious, and has a clear vision.

🤑 But If you want to make tons of money as a successful drop shipper, you need to think of YOURSELF as an entertainer. 

👉 I see too many dropshippers advertising boring products, with boring ads, thinking someone who’s tired and mindlessly scrolling after a long day at work is even going to pay a second of attention to their horrible-looking, scammy Facebook ad selling some random gadget from Aliexpress. 

NOT going to happen, my friend. 

📌 If you want people to pay attention to your dropshipping ads, you have to “take people out of their world” for a second. 

You have to grab their attention, bring up something painful in their life, and then present your product as the ULTIMATE solution for their pain (this is a form of entertainment) 

If you get this right, you’ll truly never struggle to make money in your life. 

And you’ll be able to build a successful dropshipping store like this client. 

So start taking people out of their boring world with your ads. 

Show them just how much better their world could be with your product. 

And then present them with an offer they can’t resist. 

🔥 That’s the formula. 

P.S. DM’s are Open, btw Ladies n Gents :)

#facebookads #shopify #dropshipping #shopifystore"
44,C9y8opPyus2,https://www.instagram.com/p/C9y8opPyus2/,Planning to Host a 2Hr E-commerce Profit Accelerator Bootcamp for You Guys for FREE! How many of you want me to do it...,/downloaded_instagram_posts/C9y8opPyus2.jpg,/downloaded_instagram_posts/C9y8opPyus2.mp4,"Planning to Host a 2Hr E-commerce Profit Accelerator Bootcamp for You Guys for FREE! How many of you want me to do it if I cover these topics in-depth on the problems you were never able to solve &  get insider tips on lowering your existing CPA by 10X?

🔮 Targeting HyperTargeted Gem Customers 
📝 Framing Viral Video Ads & Winning Ads Copy 
🌟 Scaling with Ninja Technique & Dealing With Ads Inconsistency
🚫 Tired of Ads A/C Bans & Restrictions, especially at the time of scaling 

Plus, Bring all your questions cause we can’t wait to answer them.

Another BONUS: Get My Ads Rejection Blueprint which I use for all of our clients!!

P.S. Don’t know When I will do this again!!

DM Me “BOOTCAMP” & I will share the INFO depending on the Member Cap!!

#ecommerce #bootcamp #facebookads #shopify #dtcbrands"
45,C83tKltSXUp,https://www.instagram.com/p/C83tKltSXUp/,The KEY to a successful E-commerce business is CONSISTENCY.,/downloaded_instagram_posts/C83tKltSXUp.jpg,/downloaded_instagram_posts/C83tKltSXUp.mp4,"The KEY to a successful E-commerce business is CONSISTENCY.

Being consistent is one of the most vital and surefire ways to continually grow a successful business, however, it is also something that is often overlooked ... 

... For a booming business, being inconsistent equals being ineffective, so keeping up consistency and reliability is the true hallmark of a successful business.

🥂 Will be coming at you guys with a Ground-Breaking WAY to keep your ROAS CONSISTENT AND HIGH!

#ecommercebusiness #facebookads #mediabuyer #shopify #shopifydropshipping 

( How to sell products online, scale shopify store, media agency , media buyer, how to find winning products)"
46,C8rGKA8Sk-R,https://www.instagram.com/p/C8rGKA8Sk-R/,𝐀𝐧𝐨𝐭𝐡𝐞𝐫 𝐌𝐚𝐬𝐬𝐢𝐯𝐞 𝐖𝐢𝐧 𝐢𝐧 𝐭𝐡𝐞 𝐁𝐨𝐨𝐤𝐬: $𝟗𝟖𝐊 𝐢𝐧 𝐉𝐮𝐬𝐭 𝟐𝟑 𝐃𝐚𝐲𝐬,/downloaded_instagram_posts/C8rGKA8Sk-R.jpg,/downloaded_instagram_posts/C8rGKA8Sk-R.mp4,"𝐀𝐧𝐨𝐭𝐡𝐞𝐫 𝐌𝐚𝐬𝐬𝐢𝐯𝐞 𝐖𝐢𝐧 𝐢𝐧 𝐭𝐡𝐞 𝐁𝐨𝐨𝐤𝐬: $𝟗𝟖𝐊 𝐢𝐧 𝐉𝐮𝐬𝐭 𝟐𝟑 𝐃𝐚𝐲𝐬

𝐈𝐧𝐭𝐫𝐨𝐝𝐮𝐜𝐢𝐧𝐠 𝐂𝐚𝐥𝐫𝐚: Her Journey of Scaling Her Fashion Apparel Brand to $98K in 23 Days!

𝐁𝐞𝐟𝐨𝐫𝐞 𝐂𝐨𝐥𝐥𝐚𝐛𝐨𝐫𝐚𝐭𝐢𝐧𝐠 𝐖𝐢𝐭𝐡 𝐌𝐞: Carla’s Facebook ads were struggling to convert. Despite his best efforts, his revenue remained stagnant, barely surpassing the $30K/month mark for a prolonged period.

She tried various strategies:

👉 Burnt several thousand Dollars by hiring multiple marketing agencies and media buyers.
👉 Experimented with the latest Facebook ad “hacks” from YouTube.
👉 Invested thousands in eCommerce courses, but nothing seemed to work.

🚨 She decided to make a bold move and partnered with me. Within just 2.5 months, we transformed her brand and achieved these phenomenal results.

𝐀𝐟𝐭𝐞𝐫 𝐂𝐨𝐥𝐥𝐚𝐛𝐨𝐫𝐚𝐭𝐢𝐧𝐠 𝐖𝐢𝐭𝐡 𝐌𝐞: Here’s how we turned things around for Carla:

✅ Revamped his entire Facebook Ads system, ensuring her ad creatives delivered at least a 5x return on ad spend (ROAS).
✅ Overhauled her entire Facebook ad strategy, leveraging user-generated content (UGC) to significantly boost profitability.
✅ Automated her creative sourcing process by utilizing micro-influencers for showcasing multiple SKUs she has, creating a system that now operates seamlessly on autopilot.

The results speak for themselves. In just 2.5 months, Carla’s brand has seen incredible progress, with future growth potential looking ground-breaking. 

Our proven systems have generated millions in sales, offering unconventional yet profoundly effective insights and strategies. 

Currently: Carla’s fashion apparel brand is now on track to go beyond $100K this month and continue growing, starting from April 2024.

So...If you’re a DTC brand owner who is struggling to make at least $1K/day with your brand or looking to start your brand, comment “$100K” I’ll reach out to you to see if we’re a great fit! 👇

And not to forget one thing If you want my entire bulletproof retargeting cheatsheet that covers the entire retargeting funnel concept, comment “Retargeting” & I will share it your way right off the bat :)."
47,C8oIOnUy4Fz,https://www.instagram.com/p/C8oIOnUy4Fz/,Direct-Response eCommerce Growth Breakdown & Scaling Case Study — C8oIOnUy4Fz,/downloaded_instagram_posts/C8oIOnUy4Fz.jpg,N/A,Direct-Response eCommerce Growth Breakdown & Scaling Case Study — C8oIOnUy4Fz
