Index,Shortcode,Instagram_URL,Title,Image_Path,Date,Likes,Comments,Full_Description
1,C8lyJ6VSyTy,https://www.instagram.com/p/C8lyJ6VSyTy/,"Another Six-Figure Dropshipping Client Wins in the Books!!🏆",/instagram_case_studies/C8lyJ6VSyTy.jpg,2024-06-24 07:39:17,1,0,"Another Six-Figure Dropshipping Client Wins in the Books!!🏆

Running ads for your dropshipping brand can be a goldmine—if done right. Unfortunately, many entrepreneurs make critical mistakes, leading to poor performance and the mistaken belief that “dropshipping doesn’t work.” 

Here’s why:

❌Picking Over Saturated Products
❌ Targeting the Wrong Audience
❌ Weak Ad Copy and Creatives
❌ Ignoring Data and Analytics
❌ Poor Landing Pages

👉 If you have gone through any of these stages and end up saying “Dropshipping Doesn’t Work for Me” then You should give it one more chance!

🏆 Then You should definitely Join my Ecom Inner Circle for Free where you can get access to all those hacks that I have been using for my 6 & &Figure clients:

🔥Picking the trending products
🎥Creating jaw-dropping video ads
😎Framing high-converting landing pages 
🎯Scaling it with meta ads profitably!

Remember, it’s not that dropshipping doesn’t work—it’s that running ads successfully requires careful strategy, ongoing optimization, and a deep understanding of your market.

If you have not joined our group exclusively for Dropshipping and E-Commerce, you miss the gold!

It’s FREE to Join for now!

Want in?

NO B.S. = 100% Value

👉Join the League of Extra Ordinary E-commerce Entrepreneurs : Link is in the BIO!"
2,DZ3yXdciv63,https://www.instagram.com/p/DZ3yXdciv63/,"It's safe to say we figured out how to make a supplement brand print money.",/instagram_case_studies/DZ3yXdciv63.jpg,2026-06-22 02:38:12,0,0,"It's safe to say we figured out how to make a supplement brand print money.

Day 17 in with this client and I genuinely didn't expect it to move this fast.

$52,000 in revenue.
$11,586 spent.
369 units sold.
4.51 ROAS.

Plant protein. Turmeric. Gummies. Creatine.

Four products. One account. 17 days.

I feel like we just discovered fire for the first time.

Because once the system clicks the creatives hit, the audiences lock in, the offer converts it doesn't stop. It just goes.

Very grateful we didn't have to pull the plug during the testing phase lol.

This client trusted the process when the data was still ugly. Now we're watching it compound in real time.

And we're nowhere near the ceiling.

Posting this here first because this community watches us build the wins, the chaos, all of it.

Watch what happens in the next 30 days. 👀 #supplement"
3,DZXZSkyAU7x,https://www.instagram.com/p/DZXZSkyAU7x/,"Ecom brands or lead gen businesses… what do you need?",/instagram_case_studies/DZXZSkyAU7x.jpg,2026-06-09 12:43:18,0,0,"Ecom brands or lead gen businesses… what do you need?

More sales or more leads?

Over the last 12 years, I've helped scale businesses to 7 & 8 figures in both ecom and lead gen with a massive track record.

Not just that I built two communities around it. Because real results deserve a real room.

No guru talk. No recycled advice. Just proven strategies that actually move the needle.

If you're serious about scaling and done leaving money on the table.

Let's talk."
4,DZXMWaeEgLe,https://www.instagram.com/p/DZXMWaeEgLe/,"The ecom world is split into two groups.",/instagram_case_studies/DZXMWaeEgLe.jpg,2026-06-09 10:50:15,0,0,"The ecom world is split into two groups.

There's a small handful doing real numbers who help each other, support each other, and they're all winning.

Then there's a bunch of people in an echo chamber telling each other why Meta ads are dead, why dropshipping is over, why it can't be done.

I just did $80,227 in 7 days. One dropshipping brand. 3.97 ROAS. Meta ads.

Nah. It's not dead. You're just bad at it.

But my community? More than a decade now in ecom space. Building, sharing the real stuff, and helping each other win. No gatekeeping. No stepping on each other.

Because you're never going to grab 100% of the market. There's plenty of ocean out there. The people who act like they have to destroy everyone to survive have it completely backwards.

That's why I'm doing this.

I'll look at your store and tell you exactly why you're stuck under $10K.

Brutally honest. No pitch. Just answers.

First 10 who message me. That's it.

— Message me here

#dropshipping #metaads #ecommerce #facebookads #dropshippinglife #ecommercemarketing #scalingbrands #paidads #onlinebusiness #ecomfounder"
5,DZS8JtQEqJy,https://www.instagram.com/p/DZS8JtQEqJy/,"Days like this are why I do this. 🤑$62,182 in 7 days. 4.50 ROAS. High ticket Supplement brand. $145 average order.",/instagram_case_studies/DZS8JtQEqJy.jpg,2026-06-07 19:11:44,0,0,"Days like this are why I do this. 🤑$62,182 in 7 days. 4.50 ROAS. High ticket Supplement brand. $145 average order.

People said high ticket doesn't work. People say a lot of things.

If you're building something from a laptop and you're not where you want to be yet :)

Keep going Ladies n Gents. These days exist for you too."
6,DZS7YPDkva9,https://www.instagram.com/p/DZS7YPDkva9/,"$36,993. 2.94 ROAS. 👉While most people were busy telling everyone why Meta ads are dead.",/instagram_case_studies/DZS7YPDkva9.jpg,2026-06-07 19:04:59,0,0,"$36,993. 2.94 ROAS. 👉While most people were busy telling everyone why Meta ads are dead.

Nah. You're just bad at them."
7,DZS6d1XEgl1,https://www.instagram.com/p/DZS6d1XEgl1/,"Just scaled another DTC fitness brand to $102,000 in May.",/instagram_case_studies/DZS6d1XEgl1.jpg,2026-06-07 18:57:01,0,0,"Just scaled another DTC fitness brand to $102,000 in May.

If you're sitting there on a Sunday wondering why your numbers don't look like this yet...

Don't quit brotha.

The ones who figure it out are just the ones who didn't stop.

— Keep pushing."
8,DW1JuKLlAgI,https://www.instagram.com/p/DW1JuKLlAgI/,"Just another day inside one of our DTC fitness brands $80K clocked in 24 hours. 862 orders moving out.",/instagram_case_studies/DW1JuKLlAgI.jpg,2026-04-07 12:30:17,1,0,"Just another day inside one of our DTC fitness brands $80K clocked in 24 hours. 862 orders moving out.

Been a little quiet with posting lately…Doesn’t mean we’ve been quiet behind the scenes."
9,DMLC9R1Bn-m,https://www.instagram.com/p/DMLC9R1Bn-m/,"New DTC client results (last 16 days): 💸 $132,832 ad spend → 💰 $374,103 in revenue 📦 6,687 units sold 🔥 ROAS: 2.82",/instagram_case_studies/DMLC9R1Bn-m.jpg,2025-07-16 14:48:55,2,1,"New DTC client results (last 16 days): 💸 $132,832 ad spend → 💰 $374,103 in revenue 📦 6,687 units sold 🔥 ROAS: 2.82

We’ve been working with this brand for 5 months —
and now, it’s scaling like a machine.

What changed?
We stopped doing what everyone else was doing.

No gimmicks.
No “winning product” hype.
No crazy discounts.

Just a real offer, scroll-breaking creatives,
and a scaling system that prints consistent results.

Most brands throw money at ads,
burn out their creatives in 3 days,
and blame the algorithm when nothing converts.

This client did the opposite.
They stayed patient.
Followed the system.
And now, they’re in beast mode. 🚀

We haven’t even started heavy optimization yet…
and we’re already seeing numbers most brands dream about.

If you're a DTC founder tired of wasting money on broken funnels and “ad fatigue” excuses…
this is your wake-up call.

It’s not the market.
It’s your system.

#DTCBrand #EcomGrowth #ROAS #ScalingEcommerce #PaidAds #FacebookAds #PerformanceMarketing #EcomResults #EcommerceTips #DTCMarketing #AdStrategy #EcomWins #ShopifyStore #DigitalGrowth #EcomFounders"
10,DWX7z6ADP86,https://www.instagram.com/p/DWX7z6ADP86/,"If you’re an ecom brand owner… read this carefully. $16K in a single day at a 2.06 ROAS (And that’s underreported tha...",/instagram_case_studies/DWX7z6ADP86.jpg,2026-03-27 04:10:46,2,0,"If you’re an ecom brand owner… read this carefully. $16K in a single day at a 2.06 ROAS (And that’s underreported thanks to iOS.) 111 units sold. $150 AOV.

Now here’s the uncomfortable truth…

If you’re not seeing numbers like this, it’s not because ads are hard.
It’s because your system isn’t built to scale.

Most brands:

* rely on incomplete Ads Manager data
* test creatives with no real angle
* try scaling before they’re actually profitable

And stay stuck.

We didn’t “find a winning ad.”
We fixed what actually drives growth:
* an offer that converts on cold traffic
* creatives that stop attention
* a funnel that pushes AOV

Same product. Same ad account.
Completely different outcome.

So ask yourself…

Are you scaling… or just spending?

If you want the exact breakdown of what we changed…

Comment “BREAKDOWN”"
11,DIpxfULBj7r,https://www.instagram.com/p/DIpxfULBj7r/,"💥 In the last 18 days, we turned one of those struggling dropshipping stores into a DTC powerhouse — generating $68,6...",/instagram_case_studies/DIpxfULBj7r.jpg,2025-04-20 03:07:09,0,0,"💥 In the last 18 days, we turned one of those struggling dropshipping stores into a DTC powerhouse — generating $68,679 in revenue with just $16,172 in ad spend.

Now, we’re on track to cross $100K+ this month profitably.

No magic. No fluff. Just a real system that works.

👇 Want to see exactly how we did it?

Comment “Dropship” and I’ll send you the full breakdown.

#dropshipping #ecommerce #shopify #dropshippingbusiness #shopifydropshipping #onlinebusiness #digitalmarketing #entrepreneur #ecommercebusiness #shopifystore"
12,DH_aKQ6BttH,https://www.instagram.com/p/DH_aKQ6BttH/,"𝐇𝐨𝐰 𝐖𝐞 𝐃𝐫𝐨𝐯𝐞 $𝟓𝟒𝐊 𝐢𝐧 𝟕 𝐃𝐚𝐲𝐬 𝐔𝐬𝐢𝐧𝐠 𝐌𝐚𝐧𝐮𝐚𝐥 𝐁𝐢𝐝𝐝𝐢𝐧𝐠 𝐂𝐚𝐦𝐩𝐚𝐢𝐠𝐧𝐬 𝐟𝐨𝐫 𝐓𝐡𝐢𝐬 𝐉𝐞𝐰𝐞𝐥𝐫𝐲 𝐁𝐫𝐚𝐧𝐝💎𝐒𝐭𝐞𝐩 𝐛𝐲 𝐒𝐭𝐞𝐩",/instagram_case_studies/DH_aKQ6BttH.jpg,2025-04-03 16:15:12,1,1,"𝐇𝐨𝐰 𝐖𝐞 𝐃𝐫𝐨𝐯𝐞 $𝟓𝟒𝐊 𝐢𝐧 𝟕 𝐃𝐚𝐲𝐬 𝐔𝐬𝐢𝐧𝐠 𝐌𝐚𝐧𝐮𝐚𝐥 𝐁𝐢𝐝𝐝𝐢𝐧𝐠 𝐂𝐚𝐦𝐩𝐚𝐢𝐠𝐧𝐬 𝐟𝐨𝐫 𝐓𝐡𝐢𝐬 𝐉𝐞𝐰𝐞𝐥𝐫𝐲 𝐁𝐫𝐚𝐧𝐝💎𝐒𝐭𝐞𝐩 𝐛𝐲 𝐒𝐭𝐞𝐩

We recently helped a jewelry brand hit $54,552 in revenue within just 7 days, spending only $13,195 — that’s a 4.43 ROAS! Here’s how we did it using manual bidding strategies:

𝐒𝐜𝐚𝐥𝐢𝐧𝐠 𝐭𝐡𝐞 𝐖𝐢𝐧𝐧𝐞𝐫𝐬:

👉 Once we spotted profitable 4-5 ad sets (ROAS above 3) across on our ads account in last 30days

👉 We duplicated those 4-5 winning ad sets into new campaign with 20% higher bid caps to ensure consistent delivery while maximizing profitability.

👉 Gradually increased budgets by 50% every 2-3 days to maintain stability while pushing for more volume.

👉 Introduced fresh creatives to keep engagement high without ad fatigue.

𝐊𝐢𝐥𝐥𝐢𝐧𝐠 𝐭𝐡𝐞 𝐋𝐨𝐬𝐞𝐫𝐬 𝐅𝐀𝐒𝐓:

👉 Didn’t hit break-even ROAS within 24-48 hours.

👉 Had CTR drop below 1% or CPM spike significantly.

👉 Showed cost per purchase higher than our target.

𝐌𝐚𝐢𝐧𝐭𝐚𝐢𝐧𝐢𝐧𝐠 𝐌𝐨𝐦𝐞𝐧𝐭𝐮𝐦:

👉 Scaled horizontally by introducing new audiences and interest groups using the same winning creatives.

👉 Adjusted bid caps daily to stay competitive and prevent overspending.

👉 Stayed aggressive with scaling but cautious enough to protect profitability.

🔥 Final Thoughts: Manual bidding is not for the faint-hearted. It’s a game of precision, quick adjustments, and relentless monitoring. But when done right, the results speak for themselves.

Curious about how manual bidding could skyrocket your brand’s profitability? Drop a “Let’s Scale” in the comments, and I’ll share more insights! 💬

#EcomSuccess #ROASMastery #ManualBiddingStrategy #FacebookAdsStrategy #EcommerceGrowth #AdScalingSecrets #JewelryBrandSuccess #ProfitabilityHacks #DTCBrandWins #ManualBiddingMagic #AdScalingExpert #PaidTrafficResults #MarketingCaseStudy #ScaleYourBrand #roasboost"
13,DGgZKPbSjNa,https://www.instagram.com/p/DGgZKPbSjNa/,"💡 Dropshipping Isn’t a Get-Rich-Quick Scheme, It’s a Path to Building Something Big. 💡",/instagram_case_studies/DGgZKPbSjNa.jpg,2025-02-25 18:39:04,1,0,"💡 Dropshipping Isn’t a Get-Rich-Quick Scheme, It’s a Path to Building Something Big. 💡

Two years ago, we started this brand for one of our DFY client as a simple dropshipping store. No fancy funding. No big team. Just a vision and a relentless drive to make it work.

Today, it’s no longer just a store, it’s a real 7-figure DTC brand. 🚀

This month alone:

💰 Revenue: $491,798
📈 Profit Margin: 34%

But here’s the real story…

On day one, this client told me, “It’s not worth it.” He doubted if this path would work. But I believed in what we could achieve and more importantly, I knew the numbers wouldn’t lie.

Fast forward to today, and our conversation has finally come full circle. We fulfilled every commitment we made.

The biggest lesson? Dropshipping is NOT the end goal, it’s just the beginning.

It’s a launchpad. A way to test products, understand the market, and generate cash flow. But if you stop there, you’ll always be chasing the next winning product instead of building a business that pays you for years.

✅ Build a brand, not just a store.
✅ Focus on customer experience, not just quick sales.
✅ Play the long game, because that’s where the real money is.

So ask yourself, are you playing for quick cash, or are you building something that will still be here in 5 years?

If you’re serious about making that transition, drop a 🚀 in the comments! Let’s build."
14,DGgGd29ykn7,https://www.instagram.com/p/DGgGd29ykn7/,"Scaling isn’t just about hitting big days, it’s about keeping more and sustaining growth. 💰",/instagram_case_studies/DGgGd29ykn7.jpg,2025-02-25 15:55:16,1,0,"Scaling isn’t just about hitting big days, it’s about keeping more and sustaining growth. 💰

Another dropshipping client just hit $3K/day at 2.53 ROAS, but here’s what really matters:

✅ Profitable margins (because revenue means nothing if you’re not keeping it)

✅ Consistent scaling (short-term spikes don’t build long-term brands)

✅ Smart reinvestment (knowing where to put your profits fuels sustainable growth)

Most struggle not because they can’t scale, but because they can’t sustain. 

Are you building for the long run? 🚀"
15,DGZwsH3z7-D,https://www.instagram.com/p/DGZwsH3z7-D/,"🔥 $21K IN ONE DAY WITH A 4MONTH-OLD DROPSHIPPING STORE! HERE’S HOW WE DID IT… 🔥",/instagram_case_studies/DGZwsH3z7-D.jpg,2025-02-23 04:49:32,0,0,"🔥 $21K IN ONE DAY WITH A 4MONTH-OLD DROPSHIPPING STORE! HERE’S HOW WE DID IT… 🔥

We just helped a DFY client hit $21K in a single day with a brand-new dropshipping store. 💰 Now, we’re taking things to the next level!

We’ve been pulling multi-six figures with this store in the last month, and now it’s time to BRAND & SCALE. 💰

🔹 Scaling Strategy: Running high-budget manual bids, CBOs, & a slow-cooked Micro Scaler campaign.

🔹 Profit Margins: Averaging 30% with daily fluctuations between 25-40%.

🔹 Next Moves: Strengthening customer support, optimizing product pages, and rolling out in-depth retargeting videos to convert hesitant buyers.

Big goal? $100K in a single day. But first, infrastructure must be solid. 🏗️

💡 Key Takeaway: Retarget smarter, don’t just show the same ad again. Go deeper into product benefits, culture, and why they NEED it.

I’ll be sharing the full scaling + branding blueprint soon. Stay tuned. 🔥

💬 Drop your questions below—I’ll answer! 👇"
16,DGgDlA1ybHG,https://www.instagram.com/p/DGgDlA1ybHG/,"I started this dropshipping brand for a client 4weeks ago, this was just an idea.",/instagram_case_studies/DGgDlA1ybHG.jpg,2025-02-25 15:30:10,1,0,"I started this dropshipping brand for a client 4weeks ago, this was just an idea. 

Today, it’s doing over $1.5K/day! 🚀 

Small win? Maybe. But every 6-figure brand I’ve built started right here.

If you’ve been collectively watching my results over the last 9 years for now, you already know, this is what we do. 

We don’t guess, we build. We don’t chase luck, we follow a proven system.

The real question isn’t if this works, it’s why you’re still watching instead of building.

Curious… what’s really stopping you from scaling your own brand? Let’s talk.👇"
17,DGS904ohBGl,https://www.instagram.com/p/DGS904ohBGl/,"First day of scaling, and the momentum is already building. 🚀",/instagram_case_studies/DGS904ohBGl.jpg,2025-02-20 13:29:38,0,0,"First day of scaling, and the momentum is already building. 🚀

When you position the product the right way, in front of the right audience, scaling isn’t a challenge, it’s just a matter of time.

This beauty brand is about to take off. Stay tuned. ✨"
18,DGSpTQEBodh,https://www.instagram.com/p/DGSpTQEBodh/,"One Winning Product Can Change Everything. 🚀 Here’s How We Made One Product a 5-Figure Winner in 24 Hours for this Dr...",/instagram_case_studies/DGSpTQEBodh.jpg,2025-02-20 10:30:17,0,0,"One Winning Product Can Change Everything. 🚀 Here’s How We Made One Product a 5-Figure Winner in 24 Hours for this Dropshipping client:

Most dropshippers are stuck testing dozens of products, hoping for a winner. But the truth? 

You don’t need 10 winners—you just need ONE.

One high-demand, conversion-optimized product can completely flip your business from struggling to scaling. That’s exactly what happened here…

💰 We took a single product, spent $2,882, and generated $10,809 TODAY (3.75 ROAS).

What changed? Not luck. Not some secret hack. Just smart execution.

This can happen for ANY brand with the right execution.

I’ve documented everything—from the exact ad creatives, winning copy, and landing page structure that made this product take off.

👉 If you wanna start your own dropshipping brand and actually make it work—DM me ""DROPSHIP"" and I’ll send it your way. 🚀🔥"
19,DGSmcZRBic3,https://www.instagram.com/p/DGSmcZRBic3/,"Why Do Fitness Brands Struggle to Scale? (Hint: It’s Not Just About Ads)",/instagram_case_studies/DGSmcZRBic3.jpg,2025-02-20 10:05:19,1,1,"Why Do Fitness Brands Struggle to Scale? (Hint: It’s Not Just About Ads)

Why do people start a business and only put half the effort into researching their market and competitors?

Half the effort compared to how much energy their ideal customer puts into making a buying decision... For me, it’s mind-blowing.

This is exactly why most brands burn ad spend without results—they don’t fully understand:
❌ Who their customer really is
❌ What messaging actually converts
❌ How to structure an offer that makes buying a no-brainer

💡 But when you get this right? Scaling becomes predictable.

I took this fitness brand from struggling to $19,167 in a SINGLE day with just $5,310 in ad spend (3.61 ROAS)

I’ve documented the entire strategy—what creative styles we used, which ad copies converted best, and the exact landing page designs that made this a massive success.

DM me ""Fitness"" and I’ll send it your way. 🚀💰"
20,DExlLMQS3cs,https://www.instagram.com/p/DExlLMQS3cs/,"⚠️ The Truth Hurts: Dropshipping isn’t dead – YOU are doing it wrong!",/instagram_case_studies/DExlLMQS3cs.jpg,2025-01-13 17:48:05,0,0,"⚠️ The Truth Hurts: Dropshipping isn’t dead – YOU are doing it wrong!

🔥 Let me guess...
You’re thinking:
❌ “Dropshipping is dead in 2025.”
❌ “Facebook ads don’t work anymore.”
❌ “It’s impossible to stay profitable!”

Here’s the hard truth: It’s NOT the business model or the platform that’s failing – it’s the strategy you’re using.

👉 In 2025, the rules have changed, and only those who adapt are winning.
🚀 They’re finding winning products faster than ever.
🚀 They’re scaling with profitable Facebook ad strategies that WORK.
🚀 They’re achieving consistent results without burning cash.

The good news? I’ve created a detailed guide that reveals:
✅ How to find winning products in 2025
✅ The exact Facebook ad system that drives results
✅ A step-by-step roadmap to scale profitably

💬 Drop a “Dropshipping” in the comments, and I’ll send the guide directly to you.

It’s time to stop blaming the game and start playing it right. The question is – are you ready to win?

#dropshipping #facebookads #scaling #strategies #winningproducts"
21,DExsvYaI5Kc,https://www.instagram.com/p/DExsvYaI5Kc/,"Most people running Facebook Ads have no idea their biggest enemy is audience overlap.",/instagram_case_studies/DExsvYaI5Kc.jpg,2025-01-13 18:54:58,2,2,"Most people running Facebook Ads have no idea their biggest enemy is audience overlap.

If your ads are competing against each other, it’s not Facebook’s fault – it’s your targeting.

❌ Stacking similar interests?
❌ Running multiple ad sets for the same niche?
❌ Overloading your campaigns with retargeting?

You’re creating audience overlap.

What does that mean? Your ads are fighting for the same eyeballs in the auction, driving up costs and killing your ROAS.

Don’t believe me?

1️⃣ Go to Ads Manager.
2️⃣ Select two or more of your saved audiences.
3️⃣ Click “Show Audience Overlap.”

You’ll see how much overlap exists between your audiences – sometimes up to 100%! That’s why your ads feel inconsistent no matter how many you launch.

Want to know how to fix this and scale without wasting a single dollar? 

💬 Drop “Overlap” in the comments, and I’ll send you my step-by-step guide to eliminate overlap and unlock stable, profitable ad performance.

Let’s fix this together. 🚀

#audinceoverlap #facebookads #shopify #dropshipping"
22,DFDod10oz-k,https://www.instagram.com/p/DFDod10oz-k/,"99% of Meta Advertisers Are Burning Money—Here’s the Fix👇",/instagram_case_studies/DFDod10oz-k.jpg,2025-01-20 18:03:32,1,0,"99% of Meta Advertisers Are Burning Money—Here’s the Fix👇

Scaling Meta ads isn’t about increasing budgets blindly. The real problem? Most advertisers don’t have a proven scaling system.

🔥We scaled a supplement brand to $71,788 in ONE day—spending $17,548 profitably with a 4.09 ROAS—using a simple, repeatable strategy.

Want the exact SOP we’ve used to crush it for 9+ years?

Drop “SUPPLEMENT” below, and I’ll send it to your DM—for FREE.

Let me show you the scaling secret 99% of people don’t even know exists. 💡👇

#shopify #facebookads #ecommerce #scaling #supplement"
23,DEW9sESBL38,https://www.instagram.com/p/DEW9sESBL38/,"🔥 Why Your Facebook Ads Aren’t Scaling – Fix These Manual Bidding Mistakes NOW 👇",/instagram_case_studies/DEW9sESBL38.jpg,2025-01-03 09:42:36,1,0,"🔥 Why Your Facebook Ads Aren’t Scaling – Fix These Manual Bidding Mistakes NOW 👇

❌ Small Budgets Don’t Work with Manual Bidding

Manual bidding with low budgets is like bringing a knife to a gunfight. Facebook won’t even enter auctions if your bid isn’t competitive. 

If your CPA goal is $30 and you’re spending $50/day, you’re invisible. Manual bidding thrives with scale, not hesitation.

Start with 5-10x your CPA. If your goal is $40, your daily budget should be $200-$400. This gives Facebook room to optimize aggressively.

❌ You’re Treating Manual Bidding Like a Shortcut

Here’s the truth – manual bidding won’t fix bad campaigns. If your ads aren’t converting with lowest-cost bidding, manual won’t magically save them. 

You’re just spending more to lose faster. Manual bidding works when your pixel has at least 200 purchases in the last 30 days. 

Anything less and you’re burning cash. Focus on creative testing and audience refinement before even thinking about manual bids. Nail your winning ads first. 

❌ You’re Playing It Too Safe with Bids

Most advertisers bid at their CPA target – and that’s why they lose. Facebook prioritizes higher bids. If you’re wondering why your ads aren’t delivering, it’s because someone else is outbidding you.

Bid 20-30% above your CPA goal. A $50 CPA? Start bidding at $65. Facebook won’t overspend if the conversion isn’t there – but you’ll dominate auctions when it counts.

💡 Use cost caps to control risk and maintain profitability. Let Facebook handle the scaling – your job is to give it strong data and budget firepower. Manual bidding isn’t the problem. The wrong timing and setup is.

Feel free to ask questions in comments 👇

#manualbidding #facebookads #mediabuying #shopify #scaling #strategy"
24,DEW_V11BhkT,https://www.instagram.com/p/DEW_V11BhkT/,"🔒 This Fashion Apparel Brand Just Cracked the Code…$2,210 in ad spend turned into $12,496 in sales – in ONE DAY.",/instagram_case_studies/DEW_V11BhkT.jpg,2025-01-03 09:57:03,0,0,"🔒 This Fashion Apparel Brand Just Cracked the Code…$2,210 in ad spend turned into $12,496 in sales – in ONE DAY.

Most brands are stuck spending more and seeing less…

👉 What did we do differently?

Let’s just say manual bidding + cost caps = game changer.

Want the full breakdown? 😏

It’s not as complicated as you think… but most brands miss it.

Comment ""Manual"" & I will share the entire breakdown strategy for Manual Bidding (Father of All Scaling Strategies)

#manualbidding #facebookads #mediabuying #shopify #scaling #strategy #apparel #DTC"
25,DD6Q21fh3oi,https://www.instagram.com/p/DD6Q21fh3oi/,"📊 $26,271 spent, $115,416 generated, 4.39 ROAS—this skincare brand crushed it in just 20 days. Sounds unreal, right? ...",/instagram_case_studies/DD6Q21fh3oi.jpg,2024-12-23 06:12:07,1,0,"📊 $26,271 spent, $115,416 generated, 4.39 ROAS—this skincare brand crushed it in just 20 days. Sounds unreal, right? But let's be honest: scaling a brand to these numbers isn’t as easy as it looks. 

Ad costs rise, competition intensifies, and it can feel like you’re throwing money into the void. Most brands would’ve stopped at ""good enough.""

Here’s how we took this skincare brand from good to great with a massive return👇

✅ Strategic Scaling: We didn’t just increase the budget—we focused on cost-controlled campaigns (bid caps + cost caps) that kept the ROAS high and allowed the algorithm to work without wasting a cent.

✅ Creative Strategy 2.0: We didn’t just speak to skincare benefits; we spoke to emotions. Understanding the “why” behind a purchase is key. We created tailored ads for different customer segments, using everything from educational content to urgency-based offers. By showing the right message at the right time, we saw much higher engagement and conversions.

✅ Laser-Focused Optimization: Every campaign was monitored daily, with adjustments made in real-time—winning ads were scaled fast, while underperforming ones were paused immediately. No wasted spend, just focused growth.

💡 Takeaway: Scaling isn’t about just pouring more money into ads—it’s about strategizing smarter, testing harder, and never settling. 

📌 Goal: $200,000 in sales! Orders flooding in, maxing out supply.

😅 Let’s crush it!

#morning #grinding #ecom #skincare #newyear2025 #scalingstrategy #mediabuying"
26,DD9QNibynah,https://www.instagram.com/p/DD9QNibynah/,"Rule of thumb for Scaling Facebook Ads: How We Hit 3.77 ROAS for a Body Contouring Brand",/instagram_case_studies/DD9QNibynah.jpg,2024-12-24 10:04:12,2,0,"Rule of thumb for Scaling Facebook Ads: How We Hit 3.77 ROAS for a Body Contouring Brand

Scaling ads isn’t just about raising budgets – it’s about positioning your offer with multiple angles that hit home with your audience.

Here’s how we spent $5,294 and generated $19,977 – achieving a 3.77 ROAS in a day:

👉 The Secret: Don’t sell the same way to everyone. Different segments = different needs.

Problem-solver? Show how body contouring reshapes confidence.

Status-seeker? Highlight the luxury and premium experience.

Budget-conscious? Emphasize long-term value and results.

👉 How We Crushed It:

Identified Personas – Mapped out different client types (postpartum moms, fitness enthusiasts, and career professionals).

Tailored Messaging – Created ad sets with unique angles for each persona.

Aggressive Testing – Ran multiple creatives and hooks to discover top performers.

Scaled Winners – Doubled down on ads that delivered, scaling fast without losing profitability.

👉 Real Talk: One product. Three angles. $19,977 generated from $5,294 spent. Position right, and scaling becomes a formula for success."
27,DDpjtXUo-ZA,https://www.instagram.com/p/DDpjtXUo-ZA/,"What if I told you $14,669 could turn into $62,889 in just 3 days?💰💰",/instagram_case_studies/DDpjtXUo-ZA.jpg,2024-12-16 18:31:13,2,1,"What if I told you $14,669 could turn into $62,889 in just 3 days?💰💰

Sounds impossible? It’s not—it’s a proven system. In the last 3 days, we used this exact strategy to generate these numbers for a dropshipping brand.

🔥 And here’s the kicker: this is just the beginning. I always overdeliver, and stories like this happen in our community every single day.

If you’re not part of our Brand Scaling Hacks Community yet, you’re leaving growth on the table.

I’ve broken down the entire process—from product selection to audience targeting, testing, and scaling. 

DM me “SCALE” and I’ll share the full strategy with you.

#facebookads #shopify #dropshipping #scaling #ecommerce #q4 #christmas"
28,DDrymP4oSh7,https://www.instagram.com/p/DDrymP4oSh7/,"📈 When you understand the numbers, you don’t just guess—you grow.",/instagram_case_studies/DDrymP4oSh7.jpg,2024-12-17 15:18:43,1,0,"📈 When you understand the numbers, you don’t just guess—you grow.

🤑 Today, we’ve already hit $34,506 in sales in Single Day with a 5.49 ROAS for this Women clothing brand, and we’re on track to close the day at $40KDay. 

📈 Play the game right, and the results will follow.

#numbersgame #facebookads #mediabuying #womenclothing #brand #tuesdaygrind"
29,DDyWOAiIEIL,https://www.instagram.com/p/DDyWOAiIEIL/,"🎄 $105,000 in just 5 days. That’s what our creatives delivered for a dropshipping client using ice-cold, warm, and ho...",/instagram_case_studies/DDyWOAiIEIL.jpg,2024-12-20 04:25:03,1,0,"🎄 $105,000 in just 5 days. That’s what our creatives delivered for a dropshipping client using ice-cold, warm, and hot traffic.

Comment “Creative” below, and I’ll send you the exact hooks we used to make this happen for the upcoming Christmas and New Year 2025 

It’s time to stop missing out and start cashing in! 👇Comment “Creative” #creativedesign #christmassale #newyearstrategy #mediabuying #dropshipping #facebookadscampaigns"
30,DDSbgXjB5Ll,https://www.instagram.com/p/DDSbgXjB5Ll/,"How We Generated $61,960 with a 3.80 ROAS in a Single Day (And What You Can Learn From It) 💡",/instagram_case_studies/DDSbgXjB5Ll.jpg,2024-12-07 18:55:33,0,0,"How We Generated $61,960 with a 3.80 ROAS in a Single Day (And What You Can Learn From It) 💡

Scaling to big numbers isn’t magic—it’s strategy. Let’s break down the three key tactics we used so you can apply them to your campaigns too:

✅ Creative Strategy: Test for Volume, Scale for Impact

Most advertisers under-test. We flipped the script by testing 20+ variations of creatives weekly and scaled only those with a high CTR above 2.5% and the lowest CPA.

 Top styles included UGC testimonials, problem-solution videos, and lifestyle visuals that hit emotions hard.

👉 Don’t guess—let the data tell you which creatives will scale profitably.

✅ Targeting Smart Segments for Maximum ROI

Retargeted abandoned carts with urgency, upsold to repeat customers, and created lookalike audiences of highest-value buyers.

 👉 Targeting isn’t just about “who.” It’s about timing, intent, and relevance.

✅ Scaling Strategy: Gradual and Controlled Growth

Scaling too fast is the #1 way to kill your ROAS. Instead of doubling budgets, we increased by 20% daily on winning campaigns, ensuring ROAS stayed consistent while scaling profitably. 

👉 Because Profitable scaling isn’t about spending more—it’s about creative precision, strategic targeting, and disciplined scaling.

Seeing how it works.

3 tips, hope one helps. Let's go ✊🏻
 
Want to learn more about implementing this in your own campaigns? Let’s connect—I’m here to help! ✊

#creativetesting #mediabuying #scalingstrategies #fbads #optimisationhacks #ecommerce #facebookadstips"
31,DDTcV4-hyrQ,https://www.instagram.com/p/DDTcV4-hyrQ/,"Just another day in the office—success stories like these have become the norm around here. 😎",/instagram_case_studies/DDTcV4-hyrQ.jpg,2024-12-08 04:22:06,1,0,"Just another day in the office—success stories like these have become the norm around here. 😎

 🚀 If you haven’t yet, take a moment to scroll through and immerse yourself in the journeys of our clients achieving extraordinary results.

These aren’t just stories; they’re proof of what’s possible when you take action, stay consistent, and lean into the power of Dropshipping.

Ready to make 2025 your year? 🚀

#weekend #sunday #grind #facebookads #dropshipping #scaling #shopify #mediabuying #scalingstrategies #fbads #optimisationhacks #ecommerce"
32,DDbZt7PB-0o,https://www.instagram.com/p/DDbZt7PB-0o/,"If you’re a brand owner or a media buyer looking for that ONE VIRAL strategy to make your campaigns wildly profitable...",/instagram_case_studies/DDbZt7PB-0o.jpg,2024-12-11 06:33:06,1,0,"If you’re a brand owner or a media buyer looking for that ONE VIRAL strategy to make your campaigns wildly profitable, this is it. We cracked the code with a Pre-Christmas Sales Offer that turned this Sneaker Brand to $79,859 in Sales—With a 4.41 ROAS in Just ONE Day! 🔥.

And no, this wasn’t luck. It was strategy. Here’s exactly how we did it so you can apply it to YOUR campaigns.

The Pre-Sale Hype Engine 🔥

Most brands wait until the sale goes live to start promoting. That’s a rookie move.

Here’s what we did instead:

3 Days Before Launch: We teased the offer with email and ad campaigns featuring lines like, “The biggest drop of the season is almost here… Are you ready?”

VIP Access: We gave our best customers early access, making them feel like insiders. This generated MASSIVE FOMO among regular buyers.

Result? By the time the sale started, we had 300+ VIPs ready to purchase.

Ads That Did the Heavy Lifting 💪

1️⃣ Ad Copy:

Our hook? “What’s the one gift everyone will remember this Christmas? These sneakers.”
We didn’t sell a product—we sold a feeling.

2️⃣ Creative:

A nostalgic unboxing video showing the sneakers as “the perfect holiday surprise.”
UGC-style testimonials: “These sneakers are the only gift I needed this year!”

3️⃣ Audience Targeting:

Warm audiences from past purchases and engagement.
Lookalike audiences based on our VIP buyers

Scarcity + Urgency = Sales Explosion 💣

Here’s where the magic happened:
We ran a 24-hour flash sale with limited discounts, paired with a countdown timer on every product page.

Retargeting ads hit abandoned cart users with, “You’re THIS close to owning the ultimate holiday gift!”

The holidays are your golden opportunity—but only if you have the RIGHT strategy. What do you think of his viral strategy? 

If you want to scale your brand like this—turning ad spend into serious profit—drop a 🔥 in the comments or DM me.

#sneakers #fashionbrand #ilovesneakers #scaling #metaads #investors #entrepreneur"
33,DDL5Tr5hb-g,https://www.instagram.com/p/DDL5Tr5hb-g/,"How to Structure Campaigns for $50,000+/Day Profits 🚀",/instagram_case_studies/DDL5Tr5hb-g.jpg,2024-12-05 06:01:17,3,0,"How to Structure Campaigns for $50,000+/Day Profits 🚀

Want to scale your campaigns to $50K+ per day in profit, just like we did for one of our clients who spent $19,118 and made back $66,168 in a single day? 

Here’s the exact structure we used to make it happen:

💡 Start with a Strong Foundation: Campaign Structure:

Top-of-Funnel (TOF): Target new, high-intent audiences (Lookalikes, broad interests) **ABO with atleast $10Per Adset Min.**

Middle-of-Funnel (MOF): Retarget warm audiences (Add-to-Cart, 50%+ video viewers). 

Bottom-of-Funnel (BOF): Engage your most high-intent audience (past purchasers, 75%+ video watchers).

💡 Utilize Advantage+ Campaigns (ASC)

Start at $100/day for testing, then gradually scale by 20%-30% every 3-5 days as performance stabilizes. Be patient—this takes time, but the rewards are worth it.

💡 Aggressively Scaling with Manual Bidding 

Once your pixel has gathered enough purchase data (300-400 conversions), Facebook’s algorithm has a solid understanding of your audience. 

Go to Manual Bidding and set your bid cap slightly higher than your average Cost Per Purchase (CPP). 

Let's say, If your average CPP is $25, set your bid cap at $30-$35 to ensure you're competitive in the auction without overspending.

Now, let’s hear it! Have you tried these strategies yet? What results have you seen? Or, are you ready to dive in and test it out? 

Drop your thoughts or questions in the comments below—let's get the conversation going! 💬👇

#creativetesting #mediabuying #scalingstrategies #fbads #optimisationhacks #ecommerce #facebookads"
34,DDSbZ6EzERe,https://www.instagram.com/p/DDSbZ6EzERe/,"Scaling Slowly = Bigger Profits 💰1st Day of Scaling This Fashion Brand",/instagram_case_studies/DDSbZ6EzERe.jpg,2024-12-07 18:54:40,1,0,"Scaling Slowly = Bigger Profits 💰1st Day of Scaling This Fashion Brand

❌ Fast scaling might look flashy, but it often burns your budget and tanks your ROAS. 🚨

Here’s why slow scaling wins:

👉 You avoid ad fatigue by gradually increasing spend.

👉 You maintain control over performance metrics like CPA and ROAS.

👉 It gives you room to test and refine creatives for sustainable growth.

Remember: Steady growth > quick crashes. Patience pays off when scaling for massive profitability. 🚀

What’s your scaling strategy? Let’s discuss! 👇

#scaling #weekend #working #facebookads #shopify #DTC"
35,DC_4HWphVxX,https://www.instagram.com/p/DC_4HWphVxX/,"📊 $16,630 spent, $59,241 generated, 3.56 ROAS—even in the chaos of BFCM for this women’s fashion brand.",/instagram_case_studies/DC_4HWphVxX.jpg,2024-11-30 13:59:59,1,0,"📊 $16,630 spent, $59,241 generated, 3.56 ROAS—even in the chaos of BFCM for this women’s fashion brand.

Sounds like a dream, right? But let’s be real: scaling during the holiday frenzy isn’t for the faint-hearted. CPMs spike, bid caps refuse to spend, and creative fatigue sets in faster than ever. Most media buyers panic, blame the algorithm, and settle for “good enough.”

Here’s what we did differently to keep scaling this women’s fashion brand with insane ROAS👇

✅ Taming the Meta Beast: Cost-controlled campaigns (bid caps + cost caps) plus ASC campaigns ensured profitability while giving Meta the room to work its magic, even in volatile conditions.

✅ Mastering Creative Velocity: Instead of letting ads fatigue, we unleashed a storm of fresh creatives—eye-catching visuals, relatable messaging, and irresistible offers tailored for holiday shoppers.

✅ Ruthless Optimization: Every campaign was audited daily, with quick pivots based on performance—scaling winners fast and pulling the plug on underperformers before they drained budgets.

💡 Takeaway: Scaling isn’t just about spending more; it’s about playing smarter, testing harder, and iterating relentlessly. Even on November’s last day, our strategy delivered—$16,630 spent, $59,241 generated, 3.56 ROAS.

If your campaigns are stalling this season, maybe it’s time for a fresh approach. 🚀"
36,DCpIoi0hNhx,https://www.instagram.com/p/DCpIoi0hNhx/,"$185,936 in 21 Days with 56% Profit Margin: Scaled Another Dropshipping Store Beyond 6-Figure Month",/instagram_case_studies/DCpIoi0hNhx.jpg,2024-11-21 18:01:47,0,0,"$185,936 in 21 Days with 56% Profit Margin: Scaled Another Dropshipping Store Beyond 6-Figure Month

Let’s be real—e-commerce isn’t about chasing shiny tactics. It’s about getting the basics right. This brand hit $185,936 in just 21 days by focusing on what matters most:

1️⃣ The Product – A solution people need. Forget trying to find “unsaturated” or “hidden” gems. If it solves a problem, it sells.

2️⃣ The Ads – Messaging that grabs attention and speaks to the customer’s pain points. Creatives do the heavy lifting here.

3️⃣ The Funnel – A seamless process that turns interest into action. Simplicity always wins.

Here’s the mistake I see so often:

❌ Overthinking targeting.
❌ Obsessing over “secret” strategies.
❌ Reinventing the wheel instead of perfecting the essentials.

This client didn’t waste time chasing myths. We executed a clear, simplified strategy—and the results speak for themselves.

If you’re ready to ditch the fluff and focus on what truly works, 👉 DM me ECOM, and I’ll share the exact system we used.

Ecom isn’t complicated when you focus on what works. 🚀"
37,DAFyXWUSMoE,https://www.instagram.com/p/DAFyXWUSMoE/,"Another new store/pixel with huge potential after 1.5 months of grinding from scratch!",/instagram_case_studies/DAFyXWUSMoE.jpg,2024-09-19 07:30:59,1,0,"Another new store/pixel with huge potential after 1.5 months of grinding from scratch!

We’re ready to take this to the next level, focusing on the 5th product we’ve tested so far. It’s all about how your market responds to the offer!

This rapid scaling success is thanks to our Hyper-Targeted Market Segmentation.

I’ll be sharing more on this in Saturday’s LIVE, along with some bigger-picture thoughts.

Remember, always test for at least 3 days—this is just another case where my ads crushed it with minor tweaks to demographics, budget, and location after day 3.

Let’s see how far this one goes! 😃

If you’re curious about how we find winning products, just drop a comment below! I’ll send over the document with all the details right away. 😃

Comment “Q4”

#dropshipping #facebookads #ecommerce #shopify"
38,DAF3pGboMCD,https://www.instagram.com/p/DAF3pGboMCD/,"Another DTC Client finally went beyond the Six-Figure Mark 🔥",/instagram_case_studies/DAF3pGboMCD.jpg,2024-09-19 08:17:06,1,0,"Another DTC Client finally went beyond the Six-Figure Mark 🔥

👉 I scale brands that think they maxed out their revenue ceiling.

The best part is hitting ATH (all-time highs) with these active brands within a few weeks, and seeing the biz owners’ faces when we hop into the next Zoom call together. 

😇 SYSTEMS = GOLD

This is called LOVING WHAT YOU DO. 

We are STILL churning out the most consistent results in the industry as we move forward throughout the year 2024 & we still have 3 months left - WOW has it been an amazing ride...

👊 Q4 is right around the corner, & I’m going to make sure you’re prepared, I have a TON of incredible content, & marketing/eCommerce scale maps and more as usual for you fine ladies & gents on the go.

Consider this a big THANK YOU, for all of the support & amazing feedback y’all have given me over the years.

I love y’all."
39,C_MqSqcSpUb,https://www.instagram.com/p/C_MqSqcSpUb/,"🚨 POV: Curious how we pulled off $40,669 in sales in just 7 days with a $134 high-ticket product.",/instagram_case_studies/C_MqSqcSpUb.jpg,2024-08-28 03:03:44,0,1,"🚨 POV: Curious how we pulled off $40,669 in sales in just 7 days with a $134 high-ticket product.

Scaling a new e-commerce brand doesn’t happen by chance—it’s all about strategy and execution. 

👉 It’s all about focusing on visuals and messaging that resonate with your target audience.

👉 Plus, identifying the most profitable audience and refining our targeting to hit the sweet spot.

👉 Most importantly, experiment with pricing tiers and bundles, testing what resonates best with our audience. 

Q4 is where sales go bananas. If you’re not leveraging this time to scale, you’re leaving serious money on the table. 

🤑 When you have true systems, & own your assets; you can pull launch numbers on the weekly. 

⚙️Gearing up. 

🔥Get ready"
40,C-ntp_DiV17,https://www.instagram.com/p/C-ntp_DiV17/,"If I got sales. Then why you can't?",/instagram_case_studies/C-ntp_DiV17.jpg,2024-08-13 18:41:14,1,0,"If I got sales. Then why you can't? 

Most of the time, procrastinating of something we want to do is delaying the progression we want.

If you don’t get inspired by this…there’s something wrong with you 😂⁣

But if you're genuinely looking to start your e-commerce store, and you're ready to quit watching from the sidelines - make this Q4 one to remember - we will take you from 0 - 100K when it comes to eCommerce, and we build countless $100K/Month success stories which you already know guys & girls ...

📲Then Shoot me a DM ""Q4""

#ecommerce #dropshipping #facebookads #facebookadsmanager"
41,C-4VFNmBfUA,https://www.instagram.com/p/C-4VFNmBfUA/,"🔥$𝟒𝟒𝟗,𝟐𝟐𝟏 𝐢𝐧 𝐭𝐡𝐞 𝐋𝐚𝐬𝐭 𝟒𝟗 𝐝𝐚𝐲𝐬>>𝐎𝐧𝐞 𝐨𝐟 𝐨𝐮𝐫 𝐧𝐞𝐰𝐞𝐫 𝐜𝐥𝐢𝐞𝐧𝐭 𝐝𝐫𝐨𝐩𝐬𝐡𝐢𝐩𝐩𝐢𝐧𝐠 𝐛𝐫𝐚𝐧𝐝𝐬 𝐢𝐬 𝐬𝐭𝐚𝐫𝐭𝐢𝐧𝐠 𝐭𝐨 𝐛𝐨𝐬𝐬 𝐮𝐩.",/instagram_case_studies/C-4VFNmBfUA.jpg,2024-08-20 05:33:35,1,0,"🔥$𝟒𝟒𝟗,𝟐𝟐𝟏 𝐢𝐧 𝐭𝐡𝐞 𝐋𝐚𝐬𝐭 𝟒𝟗 𝐝𝐚𝐲𝐬>>𝐎𝐧𝐞 𝐨𝐟 𝐨𝐮𝐫 𝐧𝐞𝐰𝐞𝐫 𝐜𝐥𝐢𝐞𝐧𝐭 𝐝𝐫𝐨𝐩𝐬𝐡𝐢𝐩𝐩𝐢𝐧𝐠 𝐛𝐫𝐚𝐧𝐝𝐬 𝐢𝐬 𝐬𝐭𝐚𝐫𝐭𝐢𝐧𝐠 𝐭𝐨 𝐛𝐨𝐬𝐬 𝐮𝐩. 

Throw me some questions down below, I don’t mind personally answering them.

👊 I also put together a list of five winning products that I have scaled from $10K days to $100K months for you guys, it’s a reference to get a better idea as to what works in this marketplace, so you can get closer to your goals.

I know this would have massively helped me, so as always, I want to overdeliver to you guys, free. 🫡

👉 On top of that, I’m taking 3 people under my wing who want to build a world-class eCom store during this Q4 season with me.

I’ve seen countless Q4 seasons, we are beyond prepared and know how to tackle this time of year.

📌 Only for today, we've decided to add:⁣⁣⁣
⁣⁣
-> 20% OFF your entry into our all DFY & DWY Programs⁣⁣⁣s
⁣⁣
-> 1-on-1 text support from Gaurav directly⁣⁣⁣
⁣⁣
-> August priority onboarding to start directly with ME

🤑Ready to make 2024 the best year yet for your e-commerce & dropshipping business?⁣⁣⁣

Comment “ROADMAP” below, and I’ll shoot you a message to have a real conversation with you, only 3 will be chosen.

#dropshippingchallenge #ecommerce #facebookads #facebookadstips"
42,C9-tNU2yhWF,https://www.instagram.com/p/C9-tNU2yhWF/,"Finally, This is How Our Monday Starts👉Scaling This Puppy to the Moon >>>> It’s just a matter of one hour & we have a...",/instagram_case_studies/C9-tNU2yhWF.jpg,2024-07-28 20:30:12,2,1,"Finally, This is How Our Monday Starts👉Scaling This Puppy to the Moon >>>> It’s just a matter of one hour & we have already crossed $1.2K with this brand...🔥🔥

This is why we do what we do here at Brand Scaling Hacks.

👉 There is a reason why our clients continually rave about the experience here with us.

👉 There is a reason why we have been doing this for years and years.

👉 There’s a reason why our clients continually stay in our program month after month.

👉 There is a reason that you see CONTINUALLY DAILY SUCCESS posts here, each day, talking about the success, achievement, and amazing experiences a client has encountered while working with us.

👉 There is a reason that I have attempted to create one of the greatest, legitimate mentorship solutions for e-commerce marketers & all digital marketers alike...

It’s because we ACTUALLY care about you, & your business, and our work ethic toward the bettering of our clients shows it.

 ❤️ It’s a blessing to have created such an incredible, passionate, & successful community - we will continually better ourselves and our people, and that’s a PROMISE.

Remember, it’s not that dropshipping doesn’t work—it’s that running ads successfully requires careful strategy, ongoing optimization, and a deep understanding of your market.

If you have not joined our group exclusively for Dropshipping and E-Commerce, you miss the gold!

It’s FREE to Join for now!

Want in?

NO B.S. = 100% Value

Link is In the Bio⬆️

P.S. *** If you own a store under $1k/day or want to start a store and grow it to 1k/day in revenue, write “SCALING” and I’ll send you the info for our DFY & DWY Programs!!

#ecommerce #shopify #dropshipping"
43,C-FI5E4SYBZ,https://www.instagram.com/p/C-FI5E4SYBZ/,"🏆 ANYONE can do it... Yes, Even You can do dropshipping Successfully!!!",/instagram_case_studies/C-FI5E4SYBZ.jpg,2024-07-31 08:26:39,1,0,"🏆 ANYONE can do it... Yes, Even You can do dropshipping Successfully!!!

Not EVERYONE is persistent, ambitious, and has a clear vision.

🤑 But If you want to make tons of money as a successful drop shipper, you need to think of YOURSELF as an entertainer. 

👉 I see too many dropshippers advertising boring products, with boring ads, thinking someone who’s tired and mindlessly scrolling after a long day at work is even going to pay a second of attention to their horrible-looking, scammy Facebook ad selling some random gadget from Aliexpress. 

NOT going to happen, my friend. 

📌 If you want people to pay attention to your dropshipping ads, you have to “take people out of their world” for a second. 

You have to grab their attention, bring up something painful in their life, and then present your product as the ULTIMATE solution for their pain (this is a form of entertainment) 

If you get this right, you’ll truly never struggle to make money in your life. 

And you’ll be able to build a successful dropshipping store like this client. 

So start taking people out of their boring world with your ads. 

Show them just how much better their world could be with your product. 

And then present them with an offer they can’t resist. 

🔥 That’s the formula. 

P.S. DM’s are Open, btw Ladies n Gents :)

#facebookads #shopify #dropshipping #shopifystore"
44,C9y8opPyus2,https://www.instagram.com/p/C9y8opPyus2/,"Planning to Host a 2Hr E-commerce Profit Accelerator Bootcamp for You Guys for FREE! How many of you want me to do it...",/instagram_case_studies/C9y8opPyus2.jpg,2024-07-24 06:53:06,1,0,"Planning to Host a 2Hr E-commerce Profit Accelerator Bootcamp for You Guys for FREE! How many of you want me to do it if I cover these topics in-depth on the problems you were never able to solve &  get insider tips on lowering your existing CPA by 10X?

🔮 Targeting HyperTargeted Gem Customers 
📝 Framing Viral Video Ads & Winning Ads Copy 
🌟 Scaling with Ninja Technique & Dealing With Ads Inconsistency
🚫 Tired of Ads A/C Bans & Restrictions, especially at the time of scaling 

Plus, Bring all your questions cause we can’t wait to answer them.

Another BONUS: Get My Ads Rejection Blueprint which I use for all of our clients!!

P.S. Don’t know When I will do this again!!

DM Me “BOOTCAMP” & I will share the INFO depending on the Member Cap!!

#ecommerce #bootcamp #facebookads #shopify #dtcbrands"
45,C83tKltSXUp,https://www.instagram.com/p/C83tKltSXUp/,"The KEY to a successful E-commerce business is CONSISTENCY.",/instagram_case_studies/C83tKltSXUp.jpg,2024-07-01 06:43:55,0,1,"The KEY to a successful E-commerce business is CONSISTENCY.

Being consistent is one of the most vital and surefire ways to continually grow a successful business, however, it is also something that is often overlooked ... 

... For a booming business, being inconsistent equals being ineffective, so keeping up consistency and reliability is the true hallmark of a successful business.

🥂 Will be coming at you guys with a Ground-Breaking WAY to keep your ROAS CONSISTENT AND HIGH!

#ecommercebusiness #facebookads #mediabuyer #shopify #shopifydropshipping 

( How to sell products online, scale shopify store, media agency , media buyer, how to find winning products)"
46,C8rGKA8Sk-R,https://www.instagram.com/p/C8rGKA8Sk-R/,"𝐀𝐧𝐨𝐭𝐡𝐞𝐫 𝐌𝐚𝐬𝐬𝐢𝐯𝐞 𝐖𝐢𝐧 𝐢𝐧 𝐭𝐡𝐞 𝐁𝐨𝐨𝐤𝐬: $𝟗𝟖𝐊 𝐢𝐧 𝐉𝐮𝐬𝐭 𝟐𝟑 𝐃𝐚𝐲𝐬",/instagram_case_studies/C8rGKA8Sk-R.jpg,2024-06-26 09:10:45,1,0,"𝐀𝐧𝐨𝐭𝐡𝐞𝐫 𝐌𝐚𝐬𝐬𝐢𝐯𝐞 𝐖𝐢𝐧 𝐢𝐧 𝐭𝐡𝐞 𝐁𝐨𝐨𝐤𝐬: $𝟗𝟖𝐊 𝐢𝐧 𝐉𝐮𝐬𝐭 𝟐𝟑 𝐃𝐚𝐲𝐬

𝐈𝐧𝐭𝐫𝐨𝐝𝐮𝐜𝐢𝐧𝐠 𝐂𝐚𝐥𝐫𝐚: Her Journey of Scaling Her Fashion Apparel Brand to $98K in 23 Days!

𝐁𝐞𝐟𝐨𝐫𝐞 𝐂𝐨𝐥𝐥𝐚𝐛𝐨𝐫𝐚𝐭𝐢𝐧𝐠 𝐖𝐢𝐭𝐡 𝐌𝐞: Carla’s Facebook ads were struggling to convert. Despite his best efforts, his revenue remained stagnant, barely surpassing the $30K/month mark for a prolonged period.

She tried various strategies:

👉 Burnt several thousand Dollars by hiring multiple marketing agencies and media buyers.
👉 Experimented with the latest Facebook ad “hacks” from YouTube.
👉 Invested thousands in eCommerce courses, but nothing seemed to work.

🚨 She decided to make a bold move and partnered with me. Within just 2.5 months, we transformed her brand and achieved these phenomenal results.

𝐀𝐟𝐭𝐞𝐫 𝐂𝐨𝐥𝐥𝐚𝐛𝐨𝐫𝐚𝐭𝐢𝐧𝐠 𝐖𝐢𝐭𝐡 𝐌𝐞: Here’s how we turned things around for Carla:

✅ Revamped his entire Facebook Ads system, ensuring her ad creatives delivered at least a 5x return on ad spend (ROAS).
✅ Overhauled her entire Facebook ad strategy, leveraging user-generated content (UGC) to significantly boost profitability.
✅ Automated her creative sourcing process by utilizing micro-influencers for showcasing multiple SKUs she has, creating a system that now operates seamlessly on autopilot.

The results speak for themselves. In just 2.5 months, Carla’s brand has seen incredible progress, with future growth potential looking ground-breaking. 

Our proven systems have generated millions in sales, offering unconventional yet profoundly effective insights and strategies. 

Currently: Carla’s fashion apparel brand is now on track to go beyond $100K this month and continue growing, starting from April 2024.

So...If you’re a DTC brand owner who is struggling to make at least $1K/day with your brand or looking to start your brand, comment “$100K” I’ll reach out to you to see if we’re a great fit! 👇

And not to forget one thing If you want my entire bulletproof retargeting cheatsheet that covers the entire retargeting funnel concept, comment “Retargeting” & I will share it your way right off the bat :)."
47,C8oIOnUy4Fz,https://www.instagram.com/p/C8oIOnUy4Fz/,"One More Hit with $100K+ This Month🔥🔥",/instagram_case_studies/C8oIOnUy4Fz.jpg,2024-06-25 05:30:00,3,1,"One More Hit with $100K+ This Month🔥🔥

This store crossed $100K+ with us in just 23Days in which we tested almost 23 products out of which we find 7 Winners that are literally crushing very well🏆

And Yes not to forget “It’s a High ticket product “💪

It’s all thanks to how I structure my landing pages.

Want my SOP on How We Find $100K/M Potential Products?

Write “WINNER PRODUCTS” below this post and I’ll send it to ya for free! 👇

Plus “All Those 7Winners that we are crushing now”

So you don’t have to spend on testing the products, just launch and scale them 🔥

Write “WINNER PRODUCTS” below this post and I’ll send it your way right away for free! 👇"
